{
  "Linear SVM": {
    "accuracy": 0.7,
    "precision": 0.7000555709919423,
    "recall": 0.7,
    "f1-score": 0.699979165219807,
    "pickle_file": "model_LinearSVM.pkl"
  },
  "Random Forest": {
    "accuracy": 0.6708333333333333,
    "precision": 0.6708451975831655,
    "recall": 0.6708333333333333,
    "f1-score": 0.670827618535044,
    "pickle_file": "model_RandomForest.pkl"
  },
  "K-Nearest Neighbors": {
    "accuracy": 0.5916666666666667,
    "precision": 0.6196085538238492,
    "recall": 0.5916666666666667,
    "f1-score": 0.5663397005678886,
    "pickle_file": "model_KNN.pkl"
  }
}